<?xml version='1.0' encoding='UTF-8' ?>
<beans xmlns="http://www.springframework.org/schema/beans"
       xmlns:xsi="http://www.w3.org/2001/XMLSchema-instance"
       xmlns:p="http://www.springframework.org/schema/p"
       xmlns:aop="http://www.springframework.org/schema/aop"
       xmlns:tx="http://www.springframework.org/schema/tx"
       xsi:schemaLocation="http://www.springframework.org/schema/beans http://www.springframework.org/schema/beans/spring-beans-4.3.xsd
       http://www.springframework.org/schema/aop http://www.springframework.org/schema/aop/spring-aop-4.3.xsd
       http://www.springframework.org/schema/tx http://www.springframework.org/schema/tx/spring-tx-4.3.xsd">

    <!--bean id="propertyConfigurer"
    class="org.springframework.beans.factory.config.PropertyPlaceholderConfigurer"
    p:location="/WEB-INF/jdbc.properties" />

<bean id="dataSource"
    class="org.springframework.jdbc.datasource.DriverManagerDataSource"
    p:driverClassName="${jdbc.driverClassName}"
    p:url="${jdbc.url}"
    p:username="${jdbc.username}"
    p:password="${jdbc.password}" /-->

    <!-- ADD PERSISTENCE SUPPORT HERE (jpa, hibernate, etc) -->

    <bean name="event" class="com.mycompany.pojo.Event" />
    <bean name="eventDao" class="com.mycompany.dao.EventDao" />
    <bean name="showDao" class="com.mycompany.dao.ShowDao" />
    <bean name="userDao" class="com.mycompany.dao.UserDao" />
    <bean name="venueDao" class="com.mycompany.dao.VenueDao" />
    <bean name="addVenueValidator" class="com.mycompany.validator.VenueValidator" />
    <bean name="updateEventValidator" class="com.mycompany.validator.UpdateEventValidator" />
    <bean name="showValidator" class="com.mycompany.validator.ShowValidator" />
    <bean name="bookingValidator" class="com.mycompany.validator.BookingValidator" />
    <bean name="bookingView" class="com.mycompany.view.BookingView" />
</beans>
