<?xml version="1.0" encoding="UTF-8"?>
<!--
To change this license header, choose License Headers in Project Properties.
To change this template file, choose Tools | Templates
and open the template in the editor.
-->

<hibernate-mapping>
    <class name="com.mycompany.pojo.Booking" table="booking">
        <id name="booking_id" type="int">
            <generator class="native"/>
        </id>
        <property name="booking_date" type="date" not-null="true" />
        <property name="phone" type="string" />
        <property name="seats" type="int" not-null="true" />
        <property name="price" type="int" not-null="true" />
        <many-to-one name="user" class="com.mycompany.pojo.User" column="user_id" not-null="true" foreign-key="fk_user_booking" cascade="all" />
        <many-to-one name="show" class="com.mycompany.pojo.Show" column="show_id" not-null="true" foreign-key="fk_show_booking" cascade="all" />
    </class>
</hibernate-mapping>