<?xml version="1.0" encoding="UTF-8"?>
<!--
To change this license header, choose License Headers in Project Properties.
To change this template file, choose Tools | Templates
and open the template in the editor.
-->

<hibernate-configuration>
    <session-factory>
        <property name="hibernate.dialect">org.hibernate.dialect.MySQL5Dialect</property>
        <property name="hibernate.connection.driver_class">com.mysql.cj.jdbc.Driver</property>
        <property name="hibernate.connection.url">jdbc:mysql://localhost/bookanevent?serverTimezone=UTC</property>
        <property name="hibernate.connection.username">root</property>
        <property name="hibernate.connection.password">Gmail@123</property>
        <property name="hibernate.show_sql">true</property>
        <!--<property name="format_sql">true</property>-->
        <property name="hibernate.hbm2ddl.auto">update</property>
        <mapping resource="Event.hbm.xml"/>
        <mapping resource="Show.hbm.xml"/>
        <mapping resource="User.hbm.xml"/>
        <mapping resource="Venue.hbm.xml"/>
        <mapping resource="Booking.hbm.xml"/>
    </session-factory>
</hibernate-configuration>

