<?xml version="1.0" encoding="UTF-8"?>
<!--
To change this license header, choose License Headers in Project Properties.
To change this template file, choose Tools | Templates
and open the template in the editor.
-->


<hibernate-mapping>
    <class name="com.mycompany.pojo.Show" table="event_venue_show">
        <id name="show_id" type="int">
            <generator class="native"/>
        </id>
        <property name="seat_price" type="int" not-null="true" />
        <property name="total_rows" type="int" not-null="true" />
        <property name="seats_per_row" type="int" not-null="true" />
        <property name="show_date" type="date" not-null="true" />
        <property name="show_time" type="string" not-null="true" />
        <property name="screen" type="string" not-null="true" />
        <property name="seats_left" type="int" not-null="true" />
        <many-to-one name="event" class="com.mycompany.pojo.Event" column="event_id" not-null="true" foreign-key="fk_event" cascade="all" />
        <many-to-one name="venue" class="com.mycompany.pojo.Venue" column="venue_id" not-null="true" foreign-key="fk_venue" cascade="all" /> 
    </class>
</hibernate-mapping>
