<?xml version="1.0" encoding="UTF-8"?>
<!--
To change this license header, choose License Headers in Project Properties.
To change this template file, choose Tools | Templates
and open the template in the editor.
-->


<hibernate-mapping>
    <class name="com.mycompany.pojo.User" table="user">
        <id name="user_id" type="int">
            <generator class="native"/>
        </id>
        <property name="fName" type="string" />
        <property name="lName" type="string" />
        <property name="email" type="string" />
        <property name="password" type="string" />
        <property name="city" type="string" />
        <property name="state" type="string" />
        <property name="country" type="string" />
        <property name="user_type" type="string" />
    </class>
</hibernate-mapping>
